place_id,yelp_business_id,yelp_name,yelp_address,yelp_phone,yelp_categories,match_score,foursquare_name,foursquare_address,foursquare_phone,foursquare_categories,foursquare_website,foursquare_socials,meta_name,meta_address,meta_phone,meta_categories,meta_website,meta_socials,microsoft_name,microsoft_address,microsoft_phone,microsoft_categories,microsoft_website,microsoft_socials,truth_name_source,truth_name,truth_phone_source,truth_phone,truth_website_source,truth_website,truth_address_source,truth_address,truth_categories_source,truth_categories,best_source
08f264626394cd4b030ac3f573c76061,ilpkcVFnMcRZJSxVZT4_Eg,bank of america financial center,10263 clayton rd saint louis mo 63124,,financial services home services mortgage brokers banks credit unions real estate,79.03637222484647,bank of america atm center,6646 clayton rd saint louis mo 63117,8004321000.0,"{""primary"": ""Retail > Miscellaneous Store"", ""alternate"": []}","[""http://www.bankofamerica.com""]","[null, null, null]",,,,,,,,,,,,,,,,,,,,,,,
08f264d05c8b28f403c4d0ca478b590e,NwLp9XpVTP7epVzqANwEMQ,the barn at sycamore farms,4866 murfreesboro rd arrington tn 37014,,event planning services venues event spaces,97.89156626506023,,,,,,,the barn at sycamore farms,4866 murfreesboro rd arrington tn 37014 9167,6153958266.0,"{""primary"": ""event_planning"", ""alternate"": [""topic_concert_venue""]}","[""http://www.sycamorefarmsevents.com/""]","[""https://www.facebook.com/820650634699704""]",the barn at sycamore farms,4866 murfreesboro rd arrington tn 37014,6153958266.0,"{""primary"": ""venue_and_event_space"", ""alternate"": [""theaters_and_performance_venues"", ""arts_and_entertainment""]}","[""http://www.sycamorefarmsevents.com/""]",[],,,,,,,,,,,
08f264d10ba2b3b603ed82ff0fa1352d,igLY1nGlOG6llNBJHRDROg,k s world market,4225 nolensville pike nashville tn 37211,,specialty food international grocery grocery imported food ethnic food food seafood markets,97.94117647058825,k s world market,4225 nolensville pike nashville tn 37211,6158328881.0,"{""primary"": ""Retail > Food and Beverage Retail > Grocery Store"", ""alternate"": [""Dining and Drinking > Restaurant""]}",[null],"[null, null, null]",k s world market,4225 nolensville pike nashville tn 37211 4716,6158328881.0,"{""primary"": ""grocery_store"", ""alternate"": [""supermarket"", ""convenience_store""]}","[""http://www.worldmarket.com""]","[""https://www.facebook.com/104814455610797""]",,,,,,,,,,,,,,,,,
08f264d133962a4d03f03f3066a92a36,k35FTWJZoaZWZw9DTMKceg,downtown nashville nissan,25 vantage way nashville tn 37228,,car dealers auto parts supplies auto repair automotive,97.53521126760565,,,,,,,downtown nashville nissan,25 vantage way nashville tn 37228 1503,6152485100.0,"{""primary"": ""automotive_dealer"", ""alternate"": [""car_dealer"", ""automotive_repair""]}","[""www.downtownnashvillenissan.com""]","[""https://www.facebook.com/278571605890130""]",downtown nashville nissan,25 vantage way nashville tn 37228,6157634518.0,"{""primary"": ""used_car_dealer"", ""alternate"": [""automotive""]}","[""https://www.downtownnashvillenissan.com/?utm_source=yext&utm_medium=referral&utm_campaign=local-citations""]",[],,,,,,,,,,,
08f264d18e140a5a03e2f002fdeafb07,k7gkfINqs05cbOmAaxYJPg,dixon center for integrative health care,211 old hickory blvd nashville tn 37221,,health medical acupuncture weight loss centers massage beauty spas chiropractors urgent care,90.486502973921,,,,,,,dixon center for integrative healthcare,211 old hickory blvd nashville tn 37221 1301,6156461003.0,"{""primary"": ""chiropractor"", ""alternate"": [""medical_center"", ""hospital""]}","[""http://www.dixoncenter.com""]","[""https://www.facebook.com/155262735920""]",dixon center for integrative healthcare,211 old hickory blvd nashville tn 37221 1301,6156461003.0,"{""primary"": ""chiropractor"", ""alternate"": [""medical_center"", ""hospital""]}","[""http://www.dixoncenter.com""]","[""https://www.facebook.com/155262735920""]",,,,,,,,,,,
08f264d1a16d89a6039e35b542dfb702,JMqYedMBFE64P9jeDaAeXQ,results physiotherapy nashville,4027 hillsboro pike ste 801 nashville tn 37215,,physical therapy health medical,77.44635798983626,results physiotherapy,6816 charlotte pike nashville tn 37209,6153560710.0,"{""primary"": ""Health and Medicine > Physical Therapy Clinic"", ""alternate"": []}",[null],"[null, null, null]",,,,,,,results physiotherapy nashville tennessee west,6816 charlotte pike ste 103 nashville tn 37209,6153560710.0,"{""primary"": ""physical_therapy"", ""alternate"": [""health_and_medical""]}","[""https://healthcare.ascension.org/locations/tennessee/tnnas/nashville-results-physiotherapy-nashville-tennessee-west""]",[],,,,,,,,,,,
08f264d8dc6c13b603bcc88818af0555,wuv3jE5Lc23TcfC70qu-Mg,subway,3686 bell rd nashville tn 37214,,restaurants pizza sandwiches fast food,97.38805970149254,subway,nashville tn 37214,,"{""primary"": ""Dining and Drinking > Restaurant > Sandwich Spot"", ""alternate"": [""Dining and Drinking > Restaurant > Fast Food Restaurant""]}","[""http://subway.com""]","[""https://www.twitter.com/subway"", null, null]",subway,3686 bell rd nashville tn 37214 2632,6158734517.0,"{""primary"": ""sandwich_shop"", ""alternate"": [""restaurant"", ""fast_food_restaurant""]}","[""http://www.subway.com/en-us""]","[""https://www.facebook.com/136584539754259""]",subway,3686 bell rd nashville tn 37214 2632,6158734517.0,"{""primary"": ""sandwich_shop"", ""alternate"": [""restaurant"", ""fast_food_restaurant""]}","[""http://www.subway.com/en-us""]","[""https://www.facebook.com/136584539754259""]",,,,,,,,,,,
08f2661858d5b60e03221c6e69eb8a5f,eFQ1P8W-xA8HFZgsyaxQVg,qdoba mexican eats,6196 whitestown pkwy whitestown in 46075,,mexican restaurants fast food,100.0,,,,,,,,,,,,,qdoba mexican eats,6196 whitestown pkwy whitestown in 46075,3177692167.0,"{""primary"": ""fast_food_restaurant"", ""alternate"": [""mexican_restaurant"", ""restaurant""]}","[""https://locations.qdoba.com/us/in/whitestown/6196-whitestown-pkwy.html?utm_source=Listings""]",[],,,,,,,,,,,
08f2661b21895b210306896855369f9a,dsEWTyoP2eZwRfczWAk_ug,jason s deli,4026 e 82nd st indianapolis in 46250,,delis caterers restaurants sandwiches salad event planning services,100.0,jason s deli,4130 e 82nd st indianapolis in 46250,3175780543.0,"{""primary"": ""Dining and Drinking > Restaurant > Deli"", ""alternate"": [""Dining and Drinking > Restaurant > Sandwich Spot""]}","[""http://www.jasonsdeli.com""]","[""https://www.twitter.com/jasonsdeli"", null, null]",,,,,,,jason s deli,4026 e 82nd st indianapolis in 46250,2078747483.0,"{""primary"": ""sandwich_shop"", ""alternate"": [""delicatessen"", ""restaurant""]}","[""https://www.jasonsdeli.com/restaurants/keystone-deli""]",[],,,,,,,,,,,
08f2661b2228b3990350416b04e58e61,buK9hg-3CS7Ry7axXEFFOQ,hollyhock hill,8110 n college ave indianapolis in 46240,,party event planning caterers american new event planning services venues event spaces food southern american traditional comfort food restaurants chicken wings chicken shop tea rooms nightlife bars,97.94117647058825,,,,,,,hollyhock hill,8110 n college ave indianapolis in 46240 2554,3172512294.0,"{""primary"": ""chicken_restaurant"", ""alternate"": [""american_restaurant"", ""southern_restaurant""]}","[""http://www.hollyhockhill.com/""]","[""https://www.facebook.com/142551169910""]",hollyhock hill restaurant,8110 n college ave indianapolis in 46240,3172512294.0,"{""primary"": ""chicken_restaurant"", ""alternate"": [""restaurant""]}","[""http://www.hollyhockhill.com/""]",[],,,,,,,,,,,
08f2661b3146010a034c780796f6e9cd,aTqTvqLxJeIhM99-VAc0_A,the ups store,1389 w 86th st indianapolis in 46260,,notaries shipping centers local services printing services mailbox centers,87.2434017595308,the ups store,1389 w 86th st indianapolis in 46260,3172575660.0,"{""primary"": ""Business and Professional Services > Shipping, Freight, and Material Transportation Service"", ""alternate"": [""Retail > Print Store""]}","[""https://locations.theupsstore.com/in/indianapolis/1389-w-86th-st""]","[""https://www.twitter.com/theupsstore"", ""https://www.facebook.com/348189538651531"", null]",the ups store 6285,1389 w 86th st indianapolis in 46260 2101,3172575660.0,"{""primary"": ""freight_and_cargo_service"", ""alternate"": [""printing_services"", ""packing_supply""]}","[""https://locations.theupsstore.com/in/indianapolis/1389-w-86th-st?utm_source=Yext&utm_medium=organic&utm_campaign=Listings""]","[""https://www.facebook.com/348189538651531""]",,,,,,,,,,,,,,,,,
08f26838cd84ed8b03ceaa62d4a92b5e,vLdELbSYtwKVpkl4ownLEA,subway,182 e state st eagle id 83616,,sandwiches fast food restaurants,81.33333333333333,,,,,,,subway,131 chambers ave eagle co 81631,9703280484.0,"{""primary"": ""sandwich_shop"", ""alternate"": [""restaurant"", ""fast_food_restaurant""]}","[""http://www.subway.com/en-us""]","[""https://www.facebook.com/209438179185245""]",subway,131 chambers ave eagle co 81631,9703280484.0,"{""primary"": ""fast_food_restaurant"", ""alternate"": [""sandwich_shop"", ""restaurant""]}","[""https://restaurants.subway.com/united-states/co/eagle/131-chambers-ave?utm_source=yxt-bing&utm_medium=local&utm_term=acq&utm_content=14655&utm_campaign=evergreen-2020&y_source=1_MTQ5MTY1NDAtNDgzLWxvY2F0aW9uLndlYnNpdGU%3D""]",[],,,,,,,,,,,
08f28843861189b103816480f8f6f6e2,nd0qqaDC8H6hRhOV-fadHQ,penske truck rental,4450 enterprise st boise id 83705,,automotive truck rental,98.97058823529412,,,,,,,,,,,,,penske truck rental,4450 s enterprise st boise id 83705,2083367220.0,"{""primary"": ""rental_services"", ""alternate"": [""truck_rentals"", ""real_estate_service"", ""automotive""]}","[""https://www.pensketruckrental.com/locations/us/idaho/boise/066110/""]",[],,,,,,,,,,,
08f29126484e986d033383dfda3c9539,j8paEZYmMxgeeY91hwL_Vw,california electric supply,233 s milpas st santa barbara ca 93103,,lighting fixtures equipment electronics electricians wholesale stores home services shopping,97.83950617283948,,,,,,,california electric supply,233 s milpas st santa barbara ca 93103 3607,8059629114.0,"{""primary"": ""electrician"", ""alternate"": [""construction_services""]}","[""http://www.cessb.com/""]","[""https://www.facebook.com/118484558183407""]",california electric supply,233 south milpas street santa barbara ca 93103,8059629114.0,"{""primary"": ""electrical_supply_store"", ""alternate"": [""electrician"", ""lighting_fixtures_and_equipment"", ""retail""]}","[""http://www.cessb.com/""]",[],,,,,,,,,,,
08f298901d34a6ac033a02d493f36726,oKMzFzSbKcsop30JdGw-Cg,five star premier residences of reno,3201 plumas street reno nv 89509,,health medical apartments home services real estate rehabilitation center home health care retirement homes,95.15384615384616,,,,,,,five star premier residences of reno,3201 plumas st reno nv 89509 4723,7758291050.0,"{""primary"": ""retirement_home"", ""alternate"": [""senior_citizen_services""]}","[""https://www.fivestarseniorliving.com/communities/nv/reno/five-star-premier-residences-of-reno/?local=facebook""]","[""https://www.facebook.com/211667562292303""]",five star premier residences of reno,3201 plumas st reno nv 89509,7758291050.0,"{""primary"": ""assisted_living_facility"", ""alternate"": [""health_and_medical""]}","[""https://www.fivestarseniorliving.com/communities/nv/reno/five-star-premier-residences-of-reno""]",[],,,,,,,,,,,
08f2a1359ac12db30349d35cbaf59e57,Oc7XxUdoi1l4SCV-BLOSTw,gerhard s appliance warehouse sale,270 new jersey dr fort washington pa 19034,,appliances appliances repair electronics home garden local services mattresses shopping,78.33333333333334,,,,,,,,,,,,,gerhard appliance,270 new jersey dr fort washington pa 19034,2155423860.0,"{""primary"": ""appliance_store"", ""alternate"": [""retail""]}","[""""]",[],,,,,,,,,,,
08f2a135a9a816a6031f842f52511bb1,p2SakAsYqdAvLqPpAhkekw,dunkin donuts,14254 bustleton ave philadelphia pa 19116,,coffee tea donuts bagels food,97.98850574712642,,,,,,,dunkin donuts,14254 bustleton ave philadelphia pa 19116 1108,2676214823.0,"{""primary"": ""donuts"", ""alternate"": [""coffee_shop"", ""eat_and_drink""]}","[""http://www.youtube.com/DunkinDonuts""]","[""https://www.facebook.com/259846270700941""]",dunkin donuts,14254 bustleton ave philadelphia pa 19116 1108,2676214823.0,"{""primary"": ""donuts"", ""alternate"": [""coffee_shop"", ""eat_and_drink""]}","[""http://www.youtube.com/DunkinDonuts""]","[""https://www.facebook.com/259846270700941""]",,,,,,,,,,,
08f2aa4d98923b4503b1be6672e9cf20,l5RjEnNSaO9fiFLj_E3DUQ,dunkin,1252 route 73 n palmyra nj 08065,,bakeries food donuts restaurants coffee tea,86.94029850746269,,,,,,,dunkin,544 e main st palmyra ny 14522 1106,3155975849.0,"{""primary"": ""donuts"", ""alternate"": [""coffee_shop"", ""breakfast_and_brunch_restaurant""]}","[""https://locations.dunkindonuts.com/en/ny/palmyra/544-e-main-st/352110?utm_source=facebook&utm_medium=local&utm_campaign=localmaps&utm_content=352110&y_source=1_MTIxMTEzMTgtNTU5LWxvY2F0aW9uLndlYnNpdGU%3D""]","[""https://www.facebook.com/211556855946268""]",dunkin,544 e main st palmyra ny 14522,3155975849.0,"{""primary"": ""coffee_shop"", ""alternate"": [""donuts"", ""restaurant""]}","[""https://locations.dunkindonuts.com/en/ny/palmyra/544-e-main-st/352110?utm_source=bing&utm_medium=local&utm_campaign=localmaps&utm_content=352110&y_source=1_MTIxMTEzMTgtNDgzLWxvY2F0aW9uLndlYnNpdGU%3D""]",[],,,,,,,,,,,
08f2aacb1cb304020377d2cc6e36a071,sgasyFue5oG20RDJ8yAkaQ,lidl,420 macdade blvd folsom pa 19033,,shopping grocery discount store food,81.21212121212122,,,,,,,lidl us,420 e macdade blvd folsom pa 19033,8447475435.0,"{""primary"": ""supermarket"", ""alternate"": [""grocery_store"", ""organic_grocery_store""]}","[""http://www.lidl.com/""]","[""https://www.facebook.com/2076627859316005""]",lidl,420 macdade blvd folsom pa 19033,8447475435.0,"{""primary"": ""retail""}","[""https://www.lidl.com/""]",[],,,,,,,,,,,
08f441a113b6e72b037c592992e25855,SETJPjryrcYvo2ezLm0WaA,starbucks,4202 e fowler ave tampa fl 33620,,food coffee tea,97.46376811594205,starbucks,usf library tampa fl 33620,8139744569.0,"{""primary"": ""Dining and Drinking > Cafe, Coffee, and Tea House > Coffee Shop"", ""alternate"": []}","[""http://www.starbucks.com/""]","[""https://www.twitter.com/starbucks"", ""https://www.facebook.com/22092443056"", null]",starbucks,4202 e fowler ave tampa fl 33620 0007,8133623222.0,"{""primary"": ""coffee_shop"", ""alternate"": [""eat_and_drink"", ""business""]}","[""https://www.starbucks.com/store-locator/store/14382""]","[""https://www.facebook.com/156180461058863""]",starbucks,4202 e fowler ave tampa fl 33620 0007,8133623222.0,"{""primary"": ""coffee_shop"", ""alternate"": [""eat_and_drink"", ""business""]}","[""https://www.starbucks.com/store-locator/store/14382""]","[""https://www.facebook.com/156180461058863""]",,,,,,,,,,,
08f4446420bb12c003a28fe9807b4a7d,XScJI9exHgC0u_c3vmm1vQ,harrah s new orleans,228 poydras st new orleans la 70130,,hotels arts entertainment hotels travel event planning services casinos,75.28961748633881,harrah s,228 poydras st new orleans la 70130,5045336000.0,"{""primary"": ""Arts and Entertainment > Casino"", ""alternate"": [""Travel and Transportation > Lodging > Hotel""]}","[""https://www.caesars.com/harrahs-new-orleans/restaurants/the-buffet-at-harrahs""]","[""https://www.twitter.com/caesarsent"", ""https://www.facebook.com/527418077335900"", ""https://www.instagram.com/harrahsnola""]",harrah s casino new orleans hours address,228 poydras st new orleans la 70130 1641,8004277247.0,"{""primary"": ""casino"", ""alternate"": [""arts_and_entertainment"", ""professional_services""]}","[""http://www.harrahsneworleans.com/casinos/harrahs-new-orleans/casino-misc/hotel-overview.html""]","[""https://www.facebook.com/1463150693991708""]",,,,,,,,,,,,,,,,,
08f444642579a5720341f6cc7a5371f4,3-69Zp0UWQafow9ilWDjvA,holiday inn express new orleans downtown,334 okeefe ave new orleans la 70112,,event planning services hotels travel venues event spaces hotels,80.8133971291866,,,,,,,holiday inn express new orleans dwtn fr qtr area,334 o keefe ave new orleans la 70112 1809,5045245400.0,"{""primary"": ""hotel"", ""alternate"": [""accommodation"", ""travel_company""]}","[""https://www.ihg.com/holidayinnexpress/hotels/us/en/new-orleans/msyka/hoteldetail?cm_mmc=FacebookMaps-_-EX-_-US-_-MSYKA""]","[""https://www.facebook.com/893142730719197""]",holiday inn express new orleans dwtn fr qtr area,334 okeefe ave new orleans la 70112,5045245400.0,"{""primary"": ""resort"", ""alternate"": [""hotel"", ""inn"", ""motel""]}","[""https://www.ihg.com/holidayinnexpress/hotels/us/en/new-orleans/msyka/hoteldetail?cm_mmc=BingMaps-_-EX-_-US-_-MSYKA""]",[],,,,,,,,,,,
08f48e80900ad68103a541491b59a68f,2BxDjFhyiucppE694OoSHQ,sherwin williams paint store,5683 n swan rd tucson az 85718,,paint stores hardware stores building supplies home garden shopping home services,89.91525423728814,,,,,,,,,,,,,sherwin williams paint store,3641 w ina rd tucson az 85741,5207446097.0,"{""primary"": ""paint_store"", ""alternate"": [""home_improvement_store"", ""retail""]}","[""https://www.sherwin-williams.com/store-locator/paint-store/tucson/az/701559""]",[],,,,,,,,,,,
1125899910314744,NQn_dGaMlvbQGwgAA6t85w,the glen at shawmont station,300 autumn river run philadelphia pa 19128,,home services real estate apartments,100.0,,,,,,,,,,,,,the glen at shawmont station,300 autumn river run philadelphia pa 19128,8886273085.0,"{""primary"": ""apartments"", ""alternate"": [""condominium""]}","[""https://www.theglenphilly.com/""]",[],,,,,,,,,,,
1125899911253992,65sPpkVbRSYS0droEoRavw,rita s italian ice,499 domino ln philadelphia pa 19128,,ice cream frozen yogurt food shaved ice desserts,80.88235294117646,,,,,,,,,,,,,rita s italian ice frozen custard,499 domino ln philadelphia pa 19128,2154834000.0,"{""primary"": ""desserts"", ""alternate"": [""ice_cream_and_frozen_yoghurt"", ""sandwich_shop"", ""restaurant""]}","[""https://www.ritasice.com/location/ritas-of-domino-lane-phila-pa/""]",[],,,,,,,,,,,
1125899912260220,E13foSRTUHkayJ41JDtHzA,commerce bank,1101 1st capitol dr saint charles mo 63301,,banks credit unions real estate mortgage brokers financial services home services investing,80.56410256410257,,,,,,,,,,,,,commerce bank atm,1020 s 5th st saint charles mo 63301,8004532265.0,"{""primary"": ""atms""}","[""""]",[],,,,,,,,,,,
1125899912981722,cJZmRIGu3AyjJivezu7R0w,cracker barrel old country store,213 indian lake blvd hendersonville tn 37075,,restaurants southern breakfast brunch african american traditional desserts food salad,100.0,,,,,,,,,,,,,cracker barrel old country store,213 indian lake blvd hendersonville tn 37075,6158227407.0,"{""primary"": ""breakfast_and_brunch_restaurant"", ""alternate"": [""cafe"", ""restaurant""]}","[""https://www.crackerbarrel.com/Locations/States/tn/hendersonville/630/""]",[],,,,,,,,,,,
1125899913068030,fb25ewJF6tM2_VJiXsEZPQ,supercuts,287 los altos pkwy 101 sparks crossing shopping ctr sparks nv 89436,,hair salons beauty spas,89.81818181818181,,,,,,,,,,,,,supercuts,287 los altos pkwy 101 sparks nv 89436,7754093194.0,"{""primary"": ""kids_hair_salon"", ""alternate"": [""barber"", ""hair_salon"", ""beauty_and_spa""]}","[""https://www.supercuts.com/locations/nearme/haircut/nv/sparks/287-los-altos-pkwy-101/81427""]",[],,,,,,,,,,,
1125899913126469,OvWyoZ7ctVOiLsizC0Bebw,skh locksmiths,469 lincoln ave hatboro pa 19040,,home services keys locksmiths security services security systems automotive home automation auto security professional services,79.39024390243901,,,,,,,,,,,,,skh locksmiths,469 lincoln ave hatboro pa 19040,2154429191.0,"{""primary"": ""key_and_locksmith""}","[""http://skhlocksmiths.com/""]",[],,,,,,,,,,,
1407374885249036,pQ-d4NgN4N9ELLtFJzul1g,walmart,2863 northtowne ln reno nv 89512,,food mobile phones grocery department stores fashion shopping,82.79661016949152,,,,,,,,,,,,,walmart,5260 w 7th st reno nv 89523,7756242000.0,"{""primary"": ""retail""}","[""https://www.walmart.com/store/3254-reno-nv/patio-garden""]",[],,,,,,,,,,,
1407374885598016,bOJY0VIphUtDkfAlPc-JKw,mister car wash,1435 w river rd tucson az 85704,,car wash auto detailing automotive,100.0,,,,,,,,,,,,,mister car wash,1435 w river rd tucson az 85704,5202931359.0,"{""primary"": ""auto_detailing"", ""alternate"": [""car_wash"", ""automotive""]}","[""https://mistercarwash.com/store/w-river/?utm_source=bing&utm_medium=yext""]",[],,,,,,,,,,,
1407374885690852,MU_cvmsylNEGvQsjjudtZg,clarkson eyecare,3122 s grand saint louis mo 63118,,doctors shopping ophthalmologists optometrists health medical eyewear opticians,88.97260273972603,,,,,,,,,,,,,clarkson eyecare,2572 lemay ferry rd st louis mo 63125,3148923321.0,"{""primary"": ""optometrist"", ""alternate"": [""eye_care_clinic"", ""health_and_medical""]}","[""https://www.clarksoneyecare.com/locations/mo/st-louis/south-county?utm_source=bing&utm_medium=yext""]",[],,,,,,,,,,,
1970324838564830,pTDEYFz94m4taw7iFD-1aQ,angelo s cleaning,312 bridge st phoenixville pa 19460,,damage restoration shopping home cleaning home garden local services air duct cleaning grout services home services carpet cleaning,100.0,,,,,,,,,,,,,angelo s cleaning,312 bridge st phoenixville pa 19460,2674213803.0,"{""primary"": ""air_duct_cleaning_service"", ""alternate"": [""carpet_cleaning""]}","[""https://angeloscarpet.com/""]",[],,,,,,,,,,,
1970324840260511,Dk0Yw7R8gCnkW78-n_Gv0A,courtyard by marriott philadelphia springfield,400 w sproul rd springfield pa 19064,,hotels event planning services hotels travel,87.97727272727272,,,,,,,,,,,,,courtyard by marriott philadelphia springfield,400 w sproul rd springfield pa 19064,6105431080.0,"{""primary"": ""resort"", ""alternate"": [""hotel"", ""motel""]}","[""""]",[],,,,,,,,,,,
562949958207347,SvDyTNMMznMKt_W1IQ1v6Q,miller s ale house,3860 w columbus dr tampa fl 33607,,nightlife bars american new restaurants american traditional sports bars seafood,100.0,,,,,,,,,,,,,miller s ale house,3860 w columbus dr tampa fl 33607,8133302175.0,"{""primary"": ""sports_bar"", ""alternate"": [""desserts"", ""bar"", ""seafood_restaurant"", ""steakhouse"", ""restaurant""]}","[""https://millersalehouse.com/locations/tampa/?utm_source=extnet&utm_medium=organic""]",[],,,,,,,,,,,
